city,country,population,gdp_raw,year,currency,gdp_type,geo_level,usd_exchange_rate,fx_year,gdp_usd,source_url,search_engine,source_tier,source_tier_label,source_domain,source_organization,method,evidence_text,evidence_path,weighted_quality_score,status,failure_reasons,llm_used,llm_attempted,model_name
Buenos Aires,Argentina,3120612,,,,,,,,,https://en.wikipedia.org/wiki/Economy_of_Argentina,tavily,3,tier3_general,en.wikipedia.org,,direct_parser,,,,failed,extraction_no_fact;llm_no_fact,False,True,
Buenos Aires,Argentina,3120612,,,,,,,,,https://www.fitchratings.com/research/international-public-finance/fitch-affirms-city-of-buenos-aires-at-b-outlook-stable-11-09-2025,tavily,3,tier3_general,fitchratings.com,,direct_parser,,,,failed,extraction_no_fact;llm_skipped_city_not_in_content,False,False,
Buenos Aires,Argentina,3120612,,,,,,,,,https://www.statista.com/statistics/316724/gross-domestic-product-gdp-in-argentina/?srsltid=AfmBOoq3HOWVzVsDLkt-HbU95fSLpofZXWtA1lj3whuC9qrlErRfKNPV,tavily,3,tier3_general,statista.com,,direct_parser,,,,failed,extraction_no_fact;llm_skipped_city_not_in_content,False,False,
Buenos Aires,Argentina,3120612,,,,,,,,,https://www.worldeconomics.com/GrossDomesticProduct/Current-GDP/Argentina.aspx,tavily,3,tier3_general,worldeconomics.com,,direct_parser,,,,failed,extraction_no_fact;fetch_error:403 Client Error: Forbidden for url: https://www.worldeconomics.com/GrossDomesticProduct/Current-GDP/Argentina.aspx;llm_skipped_city_not_in_content,False,False,
Buenos Aires,Argentina,3120612,,,,,,,,,https://buenosairesherald.com/economics/imf-changes-argentina-forecast-expects-economy-to-fall-2-8-points-in-2024,tavily,3,tier3_general,buenosairesherald.com,,direct_parser,,,,failed,extraction_no_fact;fetch_error:403 Client Error: Forbidden for url: https://buenosairesherald.com/economics/imf-changes-argentina-forecast-expects-economy-to-fall-2-8-points-in-2024;llm_skipped_city_not_in_content,False,False,
Buenos Aires,Argentina,3120612,,,,,,,,,https://www.spglobal.com/ratings/en/regulatory/article/-/view/sourceId/101632928,tavily,3,tier3_general,spglobal.com,,direct_parser,,,,failed,extraction_no_fact;fetch_error:403 Client Error: Forbidden for url: https://www.spglobal.com/ratings/en/regulatory/article/-/view/sourceId/101632928;llm_skipped_city_not_in_content,False,False,
Buenos Aires,Argentina,3120612,,,,,,,,,https://tradingeconomics.com/argentina/gdp,tavily,3,tier3_general,tradingeconomics.com,,direct_parser,,,,failed,extraction_no_fact;llm_skipped_city_not_in_content,False,False,
Buenos Aires,Argentina,3120612,,,,,,,,,https://assets.ctfassets.net/pn8wbiqtnzw9/6ETvrAtZATnWJjYYwhUskv/c38ac7b6db48b24dd037405c96f53da7/Argentina_Market_Outlook_2025.pdf,tavily,3,tier3_general,assets.ctfassets.net,,direct_parser,,,,failed,extraction_no_fact;llm_skipped_city_not_in_content,False,False,
Buenos Aires,Argentina,3120612,,,,,,,,,https://www.statista.com/statistics/316739/gross-domestic-product-gdp-per-capita-in-argentina/?srsltid=AfmBOopdL-ZNflhw10uAYhzSOiQARv64wXmSKzTPzKYwqd9Yu3U2i4VR,tavily,3,tier3_general,statista.com,,direct_parser,,,,failed,extraction_no_fact;llm_skipped_city_not_in_content,False,False,
Buenos Aires,Argentina,3120612,,,,,,,,,https://www.lloydsbanktrade.com/en/market-potential/argentina/economical-context,tavily,3,tier3_general,lloydsbanktrade.com,,direct_parser,,,,failed,extraction_no_fact;llm_no_fact,False,True,
Buenos Aires,Argentina,3120612,43594274527.966095,2024.0,USD,,,1.0,2024.0,43594274527.966095,https://api.worldbank.org/v2/country/AR/indicator/NY.GDP.PCAP.CD?format=json&per_page=60,tavily,1,tier1_official,worldbank.org,World Bank,downscaled_fallback,"fallback: gdp_per_capita=13969.7836603737, population=3120612",fallback:country_gdp_per_capita*population,5.329,inReview,,False,,
Sydney,Australia,5312000,461440000000.0,2018.0,USD,Nominal,Metro,1.0,2018.0,461440000000.0,https://en.wikipedia.org/wiki/List_of_metropolitan_areas_by_GDP,tavily,3,tier3_general,en.wikipedia.org,,direct_parser,1 Sydney metropolitan area Australia AU$ 461.440 billion 344.926 2018 [ 86 ] || GDP (local currency) :: AU$ 461.440 billion,"table:7,1,3",3.633,ok,,False,False,
Sydney,Australia,5312000,,,,,,,,,https://tradingeconomics.com/australia/gdp,tavily,3,tier3_general,tradingeconomics.com,,direct_parser,,,,failed,extraction_no_fact;llm_skipped_city_not_in_content,False,False,
Sydney,Australia,5312000,,,,,,,,,https://datacommons.org/place/country/AUS,tavily,3,tier3_general,datacommons.org,,direct_parser,,,,failed,extraction_no_fact;llm_skipped_city_not_in_content,False,False,
Sydney,Australia,5312000,,,,,,,,,https://www.statista.com/statistics/263573/gross-domestic-product-gdp-of-australia/?srsltid=AfmBOopwjnnSE29KcFeKTM1DbytHfBebFCVHblSWEHjH9OWrOFrd54zp,tavily,3,tier3_general,statista.com,,direct_parser,,,,failed,extraction_no_fact;llm_no_fact,False,True,
Sydney,Australia,5312000,,,,,,,,,https://www.economy.com/australia/nominal-gross-domestic-product,tavily,3,tier3_general,economy.com,,direct_parser,,,,failed,extraction_no_fact;llm_skipped_city_not_in_content,False,False,
Sydney,Australia,5312000,,,,,,,,,https://assets.cushmanwakefield.com/-/media/cw/marketbeat-pdfs/2024/q2/apac-and-gc/australia---sydney-metro-office-q2-2024.pdf?rev=84e8203e0b3947d486c2fb5cccdc47a7,tavily,3,tier3_general,assets.cushmanwakefield.com,,direct_parser,,,,failed,extraction_no_fact;llm_no_fact,False,True,
Sydney,Australia,5312000,,,,,,,,,https://www.statista.com/statistics/263573/gross-domestic-product-gdp-of-australia/?srsltid=AfmBOorQl4J1OlVEKgw_zxczpssshTceOJBL2LixOvfczALcEy2MURhG,tavily,3,tier3_general,statista.com,,direct_parser,,,,failed,extraction_no_fact;llm_no_fact,False,True,
Sydney,Australia,5312000,,,,,,,,,https://www.timeout.com/sydney/news/just-in-heres-how-sydney-ranked-on-oxford-economics-inaugural-global-cities-index-052224,tavily,3,tier3_general,timeout.com,,direct_parser,,,,failed,extraction_no_fact;llm_no_fact,False,True,
Sydney,Australia,5312000,,,,,,,,,https://census2022.azurewebsites.net/rda-sydney/gross-regional-product,tavily,3,tier3_general,census2022.azurewebsites.net,,direct_parser,,,,failed,extraction_no_fact;llm_no_fact,False,True,
Sydney,Australia,5312000,,,,,,,,,https://www.statista.com/statistics/260506/gdp-per-capita-in-current-prices-in-australia/?srsltid=AfmBOoqG8ifTjfWxTSSLeUVWfwBP6KH_Q06sLJtkZBT997fuqtcumHtX,tavily,3,tier3_general,statista.com,,direct_parser,,,,failed,extraction_no_fact;llm_skipped_city_not_in_content,False,False,
Vienna,Austria,1897000,,,,,,,,,https://tradingeconomics.com/austria/gdp,tavily,3,tier3_general,tradingeconomics.com,,direct_parser,,,,failed,extraction_no_fact;llm_skipped_city_not_in_content,False,False,
Vienna,Austria,1897000,,,,,,,,,https://statisticstimes.com/economy/country/austria-gdp.php,tavily,3,tier3_general,statisticstimes.com,,direct_parser,,,,failed,extraction_no_fact;llm_skipped_city_not_in_content,False,False,
Vienna,Austria,1897000,30.0,2024.0,EUR,Nominal,City Proper,1.08,2024.0,32.400000000000006,https://english.news.cn/20251001/d017949fae2f4933a18d3e9bf4a536d7/c.html,tavily,3,tier3_general,english.news.cn,,direct_parser,"VIENNA, Sept. 30 (Xinhua) -- Austria's gross domestic product (GDP) contraction for 2024 has been revised to 0.7 percent in real terms, an improvement from the previous estimate of 1.1 percent released in March, Statistics Austria said Tuesday.",line:940610,4.024,failed,per_capita_too_low,False,False,
Vienna,Austria,1897000,,,,,,,,,https://www.vienna.at/domestic-economy-shrunk-less-than-expected-in-2024/9705671,tavily,3,tier3_general,vienna.at,,direct_parser,,,,failed,extraction_no_fact;llm_no_fact,False,True,
Vienna,Austria,1897000,,,,,,,,,https://www.statistik.at/fileadmin/announcement/2025/09/20250930BIP2024EN.pdf,tavily,3,tier3_general,statistik.at,,direct_parser,,,,failed,extraction_no_fact;llm_skipped_city_not_in_content,False,False,
Vienna,Austria,1897000,,,,,,,,,https://www.statista.com/statistics/385870/gross-domestic-product-gdp-per-capita-in-austria/?srsltid=AfmBOorxV4I2HRGu7dvYFfiSLxylnSp2Bf1WGIY4FUaVLLj4tQ2YzAyY,tavily,3,tier3_general,statista.com,,direct_parser,,,,failed,extraction_no_fact;llm_skipped_city_not_in_content,False,False,
Vienna,Austria,1897000,,,,,,,,,https://www.state.gov/reports/2024-investment-climate-statements/austria,tavily,3,tier3_general,state.gov,,direct_parser,,,,failed,extraction_no_fact;llm_skipped_city_not_in_content,False,False,
Vienna,Austria,1897000,,,,,,,,,https://worldmeasure.com/cities/vienna-aut/gdp/2024,tavily,3,tier3_general,worldmeasure.com,,direct_parser,,,,failed,extraction_no_fact;llm_skipped_city_not_in_content,False,False,
Vienna,Austria,1897000,,,,,,,,,https://x.com/salingergregor/status/1900227280422490290,tavily,3,tier3_general,x.com,,direct_parser,,,,failed,extraction_no_fact;llm_skipped_city_not_in_content,False,False,
Vienna,Austria,1897000,,,,,,,,,https://www.facebook.com/photo.php?fbid=1289516382977804&set=a.527495192513264&id=100057583624789,tavily,3,tier3_general,facebook.com,,direct_parser,,,,failed,extraction_no_fact;llm_skipped_city_not_in_content,False,False,
Vienna,Austria,1897000,110536063017.50871,2024.0,USD,,,1.0,2024.0,110536063017.50871,https://api.worldbank.org/v2/country/AT/indicator/NY.GDP.PCAP.CD?format=json&per_page=60,tavily,1,tier1_official,worldbank.org,World Bank,downscaled_fallback,"fallback: gdp_per_capita=58268.8787651601, population=1897000",fallback:country_gdp_per_capita*population,5.329,inReview,,False,,
Saidpur,Bangladesh,24338,,,,,,,,,https://www.bea.gov/news/2026/gross-domestic-product-county-and-personal-income-county-2024,tavily,1,tier1_official,bea.gov,,direct_parser,,,,failed,extraction_no_fact;llm_skipped_city_not_in_content,False,False,
Saidpur,Bangladesh,24338,,,,,,,,,https://www.bea.gov/data/gdp/gdp-by-county,tavily,1,tier1_official,bea.gov,,direct_parser,,,,failed,extraction_no_fact;llm_skipped_city_not_in_content,False,False,
Saidpur,Bangladesh,24338,,,,,,,,,https://www150.statcan.gc.ca/t1/tbl1/en/tv.action?pid=3610042301,tavily,3,tier3_general,www150.statcan.gc.ca,,direct_parser,,,,failed,extraction_no_fact;llm_skipped_city_not_in_content,False,False,
Saidpur,Bangladesh,24338,,,,,,,,,https://tradingeconomics.com/bangladesh/gdp,tavily,3,tier3_general,tradingeconomics.com,,direct_parser,,,,failed,extraction_no_fact;llm_skipped_city_not_in_content,False,False,
Saidpur,Bangladesh,24338,,,,,,,,,https://gedkp.gov.bd/wp-content/uploads/2024/02/Mid-term-Implementation-Review-of-the-8th-Five-Year-Plan-Book.pdf,tavily,3,tier3_general,gedkp.gov.bd,,direct_parser,,,,failed,extraction_no_fact;llm_skipped_city_not_in_content,False,False,
Saidpur,Bangladesh,24338,,,,,,,,,https://www.worldeconomics.com/GrossDomesticProduct/Current-GDP/Bangladesh.aspx,tavily,3,tier3_general,worldeconomics.com,,direct_parser,,,,failed,extraction_no_fact;fetch_error:403 Client Error: Forbidden for url: https://www.worldeconomics.com/GrossDomesticProduct/Current-GDP/Bangladesh.aspx;llm_skipped_city_not_in_content,False,False,
Saidpur,Bangladesh,24338,,,,,,,,,https://www.ceicdata.com/en/bangladesh/gross-domestic-product-annual-growth-rate/bd-gdp-growth-gross-capital-formation,tavily,3,tier3_general,ceicdata.com,,direct_parser,,,,failed,extraction_no_fact;llm_skipped_city_not_in_content,False,False,
Saidpur,Bangladesh,24338,,,,,,,,,https://www.ceicdata.com/en/bangladesh/gross-domestic-product-share-of-gdp/bd-gdp--of-gdp-trade,tavily,3,tier3_general,ceicdata.com,,direct_parser,,,,failed,extraction_no_fact;llm_skipped_city_not_in_content,False,False,
Saidpur,Bangladesh,24338,,,,,,,,,https://www.ceicdata.com/en/bangladesh/gross-domestic-product-share-of-gdp/bd-gdp--of-manufacturing-medium-and-high-tech-industry,tavily,3,tier3_general,ceicdata.com,,direct_parser,,,,failed,extraction_no_fact;llm_skipped_city_not_in_content,False,False,
Saidpur,Bangladesh,24338,,,,,,,,,https://www.ceicdata.com/en/indicator/bangladesh/public-consumption--nominal-gdp,tavily,3,tier3_general,ceicdata.com,,direct_parser,,,,failed,extraction_no_fact;llm_skipped_city_not_in_content,False,False,
Saidpur,Bangladesh,24338,63118561.45086677,2024.0,USD,,,1.0,2024.0,63118561.45086677,https://api.worldbank.org/v2/country/BD/indicator/NY.GDP.PCAP.CD?format=json&per_page=60,tavily,1,tier1_official,worldbank.org,World Bank,downscaled_fallback,"fallback: gdp_per_capita=2593.41611680774, population=24338",fallback:country_gdp_per_capita*population,5.319,inReview,,False,,
Rajshahi,Bangladesh,984000,,,,,,,,,https://en.wikipedia.org/wiki/Rajshahi,tavily,3,tier3_general,en.wikipedia.org,,direct_parser,,,,failed,extraction_no_fact;llm_no_fact,False,True,
Rajshahi,Bangladesh,984000,,,,,,,,,https://tradingeconomics.com/bangladesh/gdp,tavily,3,tier3_general,tradingeconomics.com,,direct_parser,,,,failed,extraction_no_fact;llm_skipped_city_not_in_content,False,False,
Rajshahi,Bangladesh,984000,,,,,,,,,https://www.ceicdata.com/en/indicator/bangladesh/nominal-gdp-growth,tavily,3,tier3_general,ceicdata.com,,direct_parser,,,,failed,extraction_no_fact;llm_skipped_city_not_in_content,False,False,
Rajshahi,Bangladesh,984000,,,,,,,,,https://datacommons.org/place/country/BGD,tavily,3,tier3_general,datacommons.org,,direct_parser,,,,failed,extraction_no_fact;llm_skipped_city_not_in_content,False,False,
Rajshahi,Bangladesh,984000,,,,,,,,,https://www.statista.com/statistics/438223/gross-domestic-product-gdp-per-capita-in-bangladesh/?srsltid=AfmBOoqveFLvf0y9X8AzVNaBiCotuMVAkuM3I7ANw0yVAz2pHxcp2KQK,tavily,3,tier3_general,statista.com,,direct_parser,,,,failed,extraction_no_fact;llm_skipped_city_not_in_content,False,False,
Rajshahi,Bangladesh,984000,,,,,,,,,https://www.ceicdata.com/en/bangladesh/gross-domestic-product-share-of-gdp/bd-gdp--of-gdp-exports-of-goods-and-services,tavily,3,tier3_general,ceicdata.com,,direct_parser,,,,failed,extraction_no_fact;llm_skipped_city_not_in_content,False,False,
Rajshahi,Bangladesh,984000,,,,,,,,,https://www.macrotrends.net/global-metrics/cities/20131/rajshahi/population,tavily,3,tier3_general,macrotrends.net,,direct_parser,,,,failed,extraction_no_fact;llm_no_fact,False,True,
Rajshahi,Bangladesh,984000,,,,,,,,,https://www.spp-pr.com/conferences/6thMeeting/pdf/program/day3/1054-1119_Nov8-3-4.pdf,tavily,3,tier3_general,spp-pr.com,,direct_parser,,,,failed,extraction_no_fact;llm_no_fact,False,True,
Rajshahi,Bangladesh,984000,,,,,,,,,https://www.pib.gov.in/PressReleseDetailm.aspx?PRID=2022323,tavily,3,tier3_general,pib.gov.in,,direct_parser,,,,failed,extraction_no_fact;llm_skipped_city_not_in_content,False,False,
Rajshahi,Bangladesh,984000,,,,,,,,,https://www.mospi.gov.in/sites/default/files/press_release/PressNoteGDP31052024.pdf,tavily,3,tier3_general,mospi.gov.in,,direct_parser,,,,failed,extraction_no_fact;llm_skipped_city_not_in_content,False,False,
Rajshahi,Bangladesh,984000,2551921458.938816,2024.0,USD,,,1.0,2024.0,2551921458.938816,https://api.worldbank.org/v2/country/BD/indicator/NY.GDP.PCAP.CD?format=json&per_page=60,tavily,1,tier1_official,worldbank.org,World Bank,downscaled_fallback,"fallback: gdp_per_capita=2593.41611680774, population=984000",fallback:country_gdp_per_capita*population,5.324,inReview,,False,,
Dhaka,Bangladesh,22478000,,,,,,,,,https://tradingeconomics.com/bangladesh/gdp,tavily,3,tier3_general,tradingeconomics.com,,direct_parser,,,,failed,extraction_no_fact;llm_skipped_city_not_in_content,False,False,
Dhaka,Bangladesh,22478000,462000000000.0,2024.0,USD,Nominal,City Proper,1.0,2024.0,462000000000.0,https://thefinancialexpress.com.bd/home/dhaka-alone-contributes-nearly-46pc-of-gdp-dcci,tavily,3,tier3_general,thefinancialexpress.com.bd,,direct_parser,"Dhaka district alone contributes nearly 46 per cent of Bangladesh’s total Gross Domestic Product (GDP), valued at $462 billion in the fiscal year 2024–25, according to a new analysis by the Dhaka Chamber of Commerce and Industry (DCCI).",line:82538,4.024,ok,,False,False,
Dhaka,Bangladesh,22478000,,,,,,,,,https://www.worldeconomics.com/GDP/Bangladesh.aspx,tavily,3,tier3_general,worldeconomics.com,,direct_parser,,,,failed,extraction_no_fact;fetch_error:403 Client Error: Forbidden for url: https://www.worldeconomics.com/GDP/Bangladesh.aspx;llm_skipped_city_not_in_content,False,False,
Dhaka,Bangladesh,22478000,,,,,,,,,https://www.worldometers.info/gdp/bangladesh-gdp/,tavily,3,tier3_general,worldometers.info,,direct_parser,,,,failed,extraction_no_fact;llm_skipped_city_not_in_content,False,False,
Dhaka,Bangladesh,22478000,,,,,,,,,https://www.atlanticcouncil.org/blogs/new-atlanticist/is-the-bangladesh-success-story-unraveling/,tavily,3,tier3_general,atlanticcouncil.org,,direct_parser,,,,failed,extraction_no_fact;llm_no_fact,False,True,
Dhaka,Bangladesh,22478000,,,,,,,,,https://datacommons.org/place/country/BGD,tavily,3,tier3_general,datacommons.org,,direct_parser,,,,failed,extraction_no_fact;llm_skipped_city_not_in_content,False,False,
Dhaka,Bangladesh,22478000,,,,,,,,,https://www.ceicdata.com/en/indicator/bangladesh/nominal-gdp,tavily,3,tier3_general,ceicdata.com,,direct_parser,,,,failed,extraction_no_fact;llm_skipped_city_not_in_content,False,False,
Dhaka,Bangladesh,22478000,,,,,,,,,https://www.tbsnews.net/economy/bangladeshs-fy24-gdp-300b-not-459b-city-bank-capital-1032751,tavily,3,tier3_general,tbsnews.net,,direct_parser,,,,failed,extraction_no_fact;llm_no_fact,False,True,
Dhaka,Bangladesh,22478000,,,,,,,,,https://www.focus-economics.com/countries/bangladesh/,tavily,3,tier3_general,focus-economics.com,,direct_parser,,,,failed,extraction_no_fact;fetch_error:403 Client Error: Forbidden for url: https://www.focus-economics.com/countries/bangladesh/;llm_skipped_city_not_in_content,False,False,
Dhaka,Bangladesh,22478000,,,,,,,,,https://bcgdubai.gov.bd/economic-profile/,tavily,3,tier3_general,bcgdubai.gov.bd,,direct_parser,,,,failed,extraction_no_fact;llm_no_fact,False,True,
Antwerp,Belgium,506922,,,,,,,,,https://economy-finance.ec.europa.eu/document/download/bcd74fe9-3501-496d-bc18-d80fc1be8bb5_en?filename=2024_dbp_be_en.pdf,tavily,1,tier1_official,economy-finance.ec.europa.eu,,direct_parser,,,,failed,extraction_no_fact;llm_skipped_city_not_in_content,False,False,
Antwerp,Belgium,506922,,,,,,,,,https://tradingeconomics.com/belgium/gdp,tavily,3,tier3_general,tradingeconomics.com,,direct_parser,,,,failed,extraction_no_fact;llm_skipped_city_not_in_content,False,False,
Antwerp,Belgium,506922,,,,,,,,,https://www.focus-economics.com/countries/belgium/,tavily,3,tier3_general,focus-economics.com,,direct_parser,,,,failed,extraction_no_fact;fetch_error:403 Client Error: Forbidden for url: https://www.focus-economics.com/countries/belgium/;llm_skipped_city_not_in_content,False,False,
Antwerp,Belgium,506922,,,,,,,,,https://en.wikipedia.org/wiki/Economy_of_Belgium,tavily,3,tier3_general,en.wikipedia.org,,direct_parser,,,,failed,extraction_no_fact;llm_no_fact,False,True,
Antwerp,Belgium,506922,,,,,,,,,https://think.ing.com/articles/belgium-searching-for-glimmer-of-hope-amid-weak-growth/,tavily,3,tier3_general,think.ing.com,,direct_parser,,,,failed,extraction_no_fact;llm_no_fact,False,True,
Antwerp,Belgium,506922,,,,,,,,,https://www.statista.com/statistics/328821/gross-domestic-product-gdp-in-belgium/?srsltid=AfmBOorw2wqlXha0VSBcxuhyVL4JlqqElniacUociG-ZXqJh3gF2_gU0,tavily,3,tier3_general,statista.com,,direct_parser,,,,failed,extraction_no_fact;llm_skipped_city_not_in_content,False,False,
Antwerp,Belgium,506922,,,,,,,,,https://www.vlaanderen.be/en/statistics-flanders/macro-economy/gross-domestic-product-per-capita,tavily,3,tier3_general,vlaanderen.be,,direct_parser,,,,failed,extraction_no_fact;llm_skipped_city_not_in_content,False,False,
Antwerp,Belgium,506922,,,,,,,,,https://metroverse.hks.harvard.edu/city/2133/economic-composition,tavily,3,tier3_general,metroverse.hks.harvard.edu,,direct_parser,,,,failed,extraction_no_fact;llm_skipped_city_not_in_content,False,False,
Antwerp,Belgium,506922,,,,,,,,,https://www.facebook.com/Kingsannohblog/posts/top-30-european-cities-by-gdp-in-20241-london-123-trillion2-paris-934-billion3-m/1219281599776575/,tavily,3,tier3_general,facebook.com,,direct_parser,,,,failed,extraction_no_fact;llm_skipped_city_not_in_content,False,False,
Antwerp,Belgium,506922,,,,,,,,,https://datacommons.org/place/nuts/BE211,tavily,3,tier3_general,datacommons.org,,direct_parser,,,,failed,extraction_no_fact;llm_no_fact,False,True,
Antwerp,Belgium,506922,28699170014.301033,2024.0,USD,,,1.0,2024.0,28699170014.301033,https://api.worldbank.org/v2/country/BE/indicator/NY.GDP.PCAP.CD?format=json&per_page=60,tavily,1,tier1_official,worldbank.org,World Bank,downscaled_fallback,"fallback: gdp_per_capita=56614.5679499036, population=506922",fallback:country_gdp_per_capita*population,5.324,inReview,,False,,
Brussels,Belgium,1222637,,,,,,,,,https://economy-finance.ec.europa.eu/economic-surveillance-eu-member-states/country-pages/belgium/economic-forecast-belgium_en,tavily,1,tier1_official,economy-finance.ec.europa.eu,,direct_parser,,,,failed,extraction_no_fact;llm_skipped_city_not_in_content,False,False,
Brussels,Belgium,1222637,181549.0,2021.0,EUR,Nominal,Metro,,2021.0,,https://en.wikipedia.org/wiki/List_of_EU_metropolitan_regions_by_GDP,tavily,3,tier3_general,en.wikipedia.org,,direct_parser,"8 Brussels 181,549 Belgium || GDP (mil. €) :: 181,549","table:0,8,2",3.286,failed,value_missing;fx_missing_exchange_rate;fx_missing_usd_value,False,False,
Brussels,Belgium,1222637,108153000000.0,2024.0,EUR,Nominal,City Proper,1.08,2024.0,116805240000.00002,https://www.ceicdata.com/en/belgium/esa-2010-gdp-by-region-and-per-capita/gdp-brussels-region,tavily,3,tier3_general,ceicdata.com,,direct_parser,"Belgium GDP: Brussels Region (EUR mn) 108,153.000 2024 yearly 2003 - 2024 || Related indicators :: Belgium GDP: Brussels Region (EUR mn)","table:1,1,0",3.704,ok,,False,False,
Brussels,Belgium,1222637,,,,,,,,,https://www.brusselstimes.com/1343587/brussels-labour-productivity-among-top-in-oecd-but-not-all-residents-benefit,tavily,3,tier3_general,brusselstimes.com,,direct_parser,,,,failed,extraction_no_fact;llm_no_fact,False,True,
Brussels,Belgium,1222637,,,,,,,,,https://fred.stlouisfed.org/series/BELGDPRAPSMEI,tavily,3,tier3_general,fred.stlouisfed.org,,direct_parser,,,,failed,extraction_no_fact;llm_skipped_city_not_in_content,False,False,
Brussels,Belgium,1222637,,,,,,,,,https://www.theglobaleconomy.com/Belgium/GDP_current_USD/,tavily,3,tier3_general,theglobaleconomy.com,,direct_parser,,,,failed,extraction_no_fact;llm_skipped_city_not_in_content,False,False,
Brussels,Belgium,1222637,,,,,,,,,https://www.statista.com/statistics/328821/gross-domestic-product-gdp-in-belgium/?srsltid=AfmBOoqXoNu9bNG0vC-FGiKAlPxYyjRdT5pHrm4DXWUNReCn00Uj6ewz,tavily,3,tier3_general,statista.com,,direct_parser,,,,failed,extraction_no_fact;llm_skipped_city_not_in_content,False,False,
Brussels,Belgium,1222637,,,,,,,,,https://tradingeconomics.com/belgium/gdp,tavily,3,tier3_general,tradingeconomics.com,,direct_parser,,,,failed,extraction_no_fact;llm_skipped_city_not_in_content,False,False,
Brussels,Belgium,1222637,,,,,,,,,https://www.facebook.com/Uyghursbookshelf/photos/-top-20-richest-cities-in-europe-by-gdp-2024europes-economic-powerhouses-span-fr/1289516382977804/,tavily,3,tier3_general,facebook.com,,direct_parser,,,,failed,extraction_no_fact;llm_no_fact,False,True,
Brussels,Belgium,1222637,,,,,,,,,https://www.worldometers.info/gdp/belgium-gdp/,tavily,3,tier3_general,worldometers.info,,direct_parser,,,,failed,extraction_no_fact;llm_skipped_city_not_in_content,False,False,
Cochabamba,Bolivia,1431000,,,,,,,,,https://economicdatagdp.com/country/bo/2024,tavily,3,tier3_general,economicdatagdp.com,,direct_parser,,,,failed,extraction_no_fact;llm_skipped_city_not_in_content,False,False,
Cochabamba,Bolivia,1431000,,,,,,,,,https://tradingeconomics.com/bolivia/gdp,tavily,3,tier3_general,tradingeconomics.com,,direct_parser,,,,failed,extraction_no_fact;llm_skipped_city_not_in_content,False,False,
Cochabamba,Bolivia,1431000,,,,,,,,,https://www.latinnews.com/component/k2/item/104789-in-brief-bolivia-s-gdp-growth-slows-in-q3-2024.html,tavily,3,tier3_general,latinnews.com,,direct_parser,,,,failed,extraction_no_fact;llm_skipped_city_not_in_content,False,False,
Cochabamba,Bolivia,1431000,,,,,,,,,https://www.ceicdata.com/en/indicator/bolivia/investment--nominal-gdp,tavily,3,tier3_general,ceicdata.com,,direct_parser,,,,failed,extraction_no_fact;llm_skipped_city_not_in_content,False,False,
Cochabamba,Bolivia,1431000,,,,,,,,,https://www.ceicdata.com/en/bolivia/gross-domestic-product-purchasing-power-parity/bo-gdp-ppp,tavily,3,tier3_general,ceicdata.com,,direct_parser,,,,failed,extraction_no_fact;llm_skipped_city_not_in_content,False,False,
Cochabamba,Bolivia,1431000,,,,,,,,,https://statistics.cepal.org/portal/databank/index.html?lang=en&indicator_id=5008&area_id=2567&members=29194%2C84452%2C84568%2C84569%2C84570%2C84571%2C84572%2C84573%2C84574%2C84575%2C84576%2C140770,tavily,3,tier3_general,statistics.cepal.org,,direct_parser,,,,failed,extraction_no_fact;llm_skipped_city_not_in_content,False,False,
Cochabamba,Bolivia,1431000,,,,,,,,,https://tradingeconomics.com/bolivia/gdp-per-capita-us-dollar-wb-data.html,tavily,3,tier3_general,tradingeconomics.com,,direct_parser,,,,failed,extraction_no_fact;llm_skipped_city_not_in_content,False,False,
Cochabamba,Bolivia,1431000,,,,,,,,,https://www.statista.com/statistics/440113/gross-domestic-product-gdp-growth-rate-in-bolivia/?srsltid=AfmBOooPrHqGkgqbX5dvT5EDAtQ0k6lBuDPviQiOu9vkkgHBQ0a9AscJ,tavily,3,tier3_general,statista.com,,direct_parser,,,,failed,extraction_no_fact;llm_skipped_city_not_in_content,False,False,
Cochabamba,Bolivia,1431000,,,,,,,,,https://www.macrotrends.net/global-metrics/cities/20152/cochabamba/population,tavily,3,tier3_general,macrotrends.net,,direct_parser,,,,failed,extraction_no_fact;llm_no_fact,False,True,
Cochabamba,Bolivia,1431000,,,,,,,,,https://sherlockcomms.com/bolivia/,tavily,3,tier3_general,sherlockcomms.com,,direct_parser,,,,failed,extraction_no_fact;llm_no_fact,False,True,
Gaborone,Botswana,421907,,,,,,,,,https://www.imf.org/-/media/files/publications/cr/2024/english/1bwaea2024006-print-pdf.pdf,tavily,1,tier1_official,imf.org,,direct_parser,,,,failed,extraction_no_fact;llm_skipped_city_not_in_content,False,False,
Gaborone,Botswana,421907,,,,,,,,,https://www.statsbots.org.bw/sites/default/files/publications/GROSS%20DOMESTIC%20PRODUCT-%20%20FOURTH%20QUARTER%20OF%202024.pdf,tavily,3,tier3_general,statsbots.org.bw,,direct_parser,,,,failed,extraction_no_fact;llm_skipped_city_not_in_content,False,False,
Gaborone,Botswana,421907,,,,,,,,,https://www.facebook.com/cgtnafrica/posts/botswanas-gross-domestic-product-gdp-decreased-53-percent-in-the-second-quarter-/1259419362891112/,tavily,3,tier3_general,facebook.com,,direct_parser,,,,failed,extraction_no_fact;llm_skipped_city_not_in_content,False,False,
Gaborone,Botswana,421907,,,,,,,,,https://dailynews.gov.bw/news-detail/83812,tavily,3,tier3_general,dailynews.gov.bw,,direct_parser,,,,failed,extraction_no_fact;llm_no_fact,False,True,
Gaborone,Botswana,421907,,,,,,,,,https://www.facebook.com/groups/2375007625971116/posts/2959970030808203/,tavily,3,tier3_general,facebook.com,,direct_parser,,,,failed,extraction_no_fact;llm_skipped_city_not_in_content,False,False,
Gaborone,Botswana,421907,,,,,,,,,https://statsbots.org.bw/sites/default/files/Gross%20Domestic%20Product%20Second%20Quarter%20%202024.pdf,tavily,3,tier3_general,statsbots.org.bw,,direct_parser,,,,failed,extraction_no_fact;llm_skipped_city_not_in_content,False,False,
Gaborone,Botswana,421907,,,,,,,,,https://www.bis.org/review/r240326b.pdf,tavily,3,tier3_general,bis.org,,direct_parser,,,,failed,extraction_no_fact;llm_no_fact,False,True,
Gaborone,Botswana,421907,,,,,,,,,https://www.bankofbotswana.bw/sites/default/files/publications/Monetary%20Policy%20Report%20-%20August%202024.pdf,tavily,3,tier3_general,bankofbotswana.bw,,direct_parser,,,,failed,extraction_no_fact;llm_skipped_city_not_in_content,False,False,
Gaborone,Botswana,421907,,,,,,,,,https://tradingeconomics.com/gabon/gdp,tavily,3,tier3_general,tradingeconomics.com,,direct_parser,,,,failed,extraction_no_fact;llm_skipped_city_not_in_content,False,False,
Gaborone,Botswana,421907,,,,,,,,,https://www.statista.com/statistics/526882/gross-domestic-product-gdp-in-gabon/?srsltid=AfmBOooenV3_7T2ThzvfK5XeBdbYZFEnDxqJ5x6CWFPhaAAJ00vLTaTK,tavily,3,tier3_general,statista.com,,direct_parser,,,,failed,extraction_no_fact;llm_skipped_city_not_in_content,False,False,
Ilheus,Brazil,159923,,,,,,,,,https://documents1.worldbank.org/curated/en/099082124173024196/pdf/BOSIB-8d3c5a35-f193-43ea-a897-177991415933.pdf,tavily,1,tier1_official,documents1.worldbank.org,,direct_parser,,,,failed,extraction_no_fact;llm_skipped_city_not_in_content,False,False,
Ilheus,Brazil,159923,,,,,,,,,https://www.bea.gov/news/2026/gross-domestic-product-county-and-personal-income-county-2024,tavily,1,tier1_official,bea.gov,,direct_parser,,,,failed,extraction_no_fact;llm_skipped_city_not_in_content,False,False,
Ilheus,Brazil,159923,,,,,,,,,https://www.bea.gov/news/2024/gross-domestic-product-state-and-personal-income-state-2nd-quarter-2024,tavily,1,tier1_official,bea.gov,,direct_parser,,,,failed,extraction_no_fact;llm_skipped_city_not_in_content,False,False,
Ilheus,Brazil,159923,,,,,,,,,https://tradingeconomics.com/brazil/gdp,tavily,3,tier3_general,tradingeconomics.com,,direct_parser,,,,failed,extraction_no_fact;llm_skipped_city_not_in_content,False,False,
Ilheus,Brazil,159923,,,,,,,,,https://www.ceicdata.com/en/brazil/passenger-traffic-by-airport-boarded--landed-in-the-month/passenger-traffic-ilheus-boarded--landed-in-the-month-regular-transportation-cabotage-passenger,tavily,3,tier3_general,ceicdata.com,,direct_parser,,,,failed,extraction_no_fact;llm_no_fact,False,True,
Ilheus,Brazil,159923,,,,,,,,,https://www.argusmedia.com/ja/news-and-insights/latest-market-news/2665610-brazil-s-gdp-growth-accelerates-to-3.4pc-in-2024,tavily,3,tier3_general,argusmedia.com,,direct_parser,,,,failed,extraction_no_fact;llm_skipped_city_not_in_content,False,False,
Ilheus,Brazil,159923,,,,,,,,,https://metroverse.hks.harvard.edu/city/3448/overview,tavily,3,tier3_general,metroverse.hks.harvard.edu,,direct_parser,,,,failed,extraction_no_fact;llm_skipped_city_not_in_content,False,False,
Ilheus,Brazil,159923,,,,,,,,,https://www.ibge.gov.br/en/cities-and-states/ba/ilheus.html,tavily,3,tier3_general,ibge.gov.br,,direct_parser,,,,failed,extraction_no_fact;llm_no_fact,False,True,
Ilheus,Brazil,159923,,,,,,,,,https://www.worldeconomics.com/GrossDomesticProduct/Current-GDP/Brazil.aspx,tavily,3,tier3_general,worldeconomics.com,,direct_parser,,,,failed,extraction_no_fact;fetch_error:403 Client Error: Forbidden for url: https://www.worldeconomics.com/GrossDomesticProduct/Current-GDP/Brazil.aspx;llm_skipped_city_not_in_content,False,False,
Ilheus,Brazil,159923,,,,,,,,,https://en.wikipedia.org/wiki/Economy_of_Brazil,tavily,3,tier3_general,en.wikipedia.org,,direct_parser,,,,failed,extraction_no_fact;llm_skipped_city_not_in_content,False,False,
Ilheus,Brazil,159923,1648893908.1870642,2024.0,USD,,,1.0,2024.0,1648893908.1870642,https://api.worldbank.org/v2/country/BR/indicator/NY.GDP.PCAP.CD?format=json&per_page=60,tavily,1,tier1_official,worldbank.org,World Bank,downscaled_fallback,"fallback: gdp_per_capita=10310.5488778166, population=159923",fallback:country_gdp_per_capita*population,5.324,inReview,,False,,
Jequie,Brazil,156126,,,,,,,,,https://www.bea.gov/data/gdp/gross-domestic-product,tavily,1,tier1_official,bea.gov,,direct_parser,,,,failed,extraction_no_fact;llm_skipped_city_not_in_content,False,False,
Jequie,Brazil,156126,,,,,,,,,https://www.bea.gov/news/2024/gross-domestic-product-state-and-personal-income-state-3rd-quarter-2024,tavily,1,tier1_official,bea.gov,,direct_parser,,,,failed,extraction_no_fact;llm_skipped_city_not_in_content,False,False,
Jequie,Brazil,156126,,,,,,,,,https://www.bea.gov/news/2026/gross-domestic-product-county-and-personal-income-county-2024,tavily,1,tier1_official,bea.gov,,direct_parser,,,,failed,extraction_no_fact;llm_skipped_city_not_in_content,False,False,
Jequie,Brazil,156126,,,,,,,,,https://www.bea.gov/sites/default/files/2025-03/stgdppi4q24-a2024.pdf,tavily,1,tier1_official,bea.gov,,direct_parser,,,,failed,extraction_no_fact;llm_skipped_city_not_in_content,False,False,
Jequie,Brazil,156126,,,,,,,,,https://metroverse.hks.harvard.edu/city/1407/overview,tavily,3,tier3_general,metroverse.hks.harvard.edu,,direct_parser,,,,failed,extraction_no_fact;llm_skipped_city_not_in_content,False,False,
Jequie,Brazil,156126,,,,,,,,,https://www.usmayors.org/wp-content/uploads/2025/06/USCM-Metro-Economies-Annual-Report-and-Forecast_June-2025.pdf,tavily,3,tier3_general,usmayors.org,,direct_parser,,,,failed,extraction_no_fact;llm_skipped_city_not_in_content,False,False,
Jequie,Brazil,156126,,,,,,,,,https://tradingeconomics.com/brazil/gdp,tavily,3,tier3_general,tradingeconomics.com,,direct_parser,,,,failed,extraction_no_fact;llm_skipped_city_not_in_content,False,False,
Jequie,Brazil,156126,,,,,,,,,https://www.focus-economics.com/countries/brazil/news/gdp/brazil-national-accounts-07-03-2025-high-interest-rates-stop-economy-in-its-tracks-in-q4/,tavily,3,tier3_general,focus-economics.com,,direct_parser,,,,failed,extraction_no_fact;fetch_error:403 Client Error: Forbidden for url: https://www.focus-economics.com/countries/brazil/news/gdp/brazil-national-accounts-07-03-2025-high-interest-rates-stop-economy-in-its-tracks-in-q4/;llm_skipped_city_not_in_content,False,False,
Jequie,Brazil,156126,,,,,,,,,https://www.worldeconomics.com/GDP/Brazil.aspx,tavily,3,tier3_general,worldeconomics.com,,direct_parser,,,,failed,extraction_no_fact;fetch_error:403 Client Error: Forbidden for url: https://www.worldeconomics.com/GDP/Brazil.aspx;llm_skipped_city_not_in_content,False,False,
Jequie,Brazil,156126,,,,,,,,,https://www.focus-economics.com/country-indicator/brazil/gdp/,tavily,3,tier3_general,focus-economics.com,,direct_parser,,,,failed,extraction_no_fact;fetch_error:403 Client Error: Forbidden for url: https://www.focus-economics.com/country-indicator/brazil/gdp/;llm_skipped_city_not_in_content,False,False,
Jequie,Brazil,156126,1609744754.0979946,2024.0,USD,,,1.0,2024.0,1609744754.0979946,https://api.worldbank.org/v2/country/BR/indicator/NY.GDP.PCAP.CD?format=json&per_page=60,tavily,1,tier1_official,worldbank.org,World Bank,downscaled_fallback,"fallback: gdp_per_capita=10310.5488778166, population=156126",fallback:country_gdp_per_capita*population,5.324,inReview,,False,,
Palmas,Brazil,306296,,,,,,,,,https://ec.europa.eu/eurostat/databrowser/view/met_10r_3gdp/default/table?lang=en,tavily,1,tier1_official,ec.europa.eu,,direct_parser,,,,failed,extraction_no_fact;llm_skipped_city_not_in_content,False,False,
Palmas,Brazil,306296,,,,,,,,,https://www.bea.gov/news/2026/gross-domestic-product-county-and-personal-income-county-2024,tavily,1,tier1_official,bea.gov,,direct_parser,,,,failed,extraction_no_fact;llm_skipped_city_not_in_content,False,False,
Palmas,Brazil,306296,,,,,,,,,https://www.imf.org/en/news/articles/2024/07/11/pr24268-brazil-imf-exec-board-concludes-2024-art-iv-consult,tavily,1,tier1_official,imf.org,,direct_parser,,,,failed,extraction_no_fact;fetch_error:403 Client Error: Forbidden for url: https://www.imf.org/en/news/articles/2024/07/11/pr24268-brazil-imf-exec-board-concludes-2024-art-iv-consult;llm_skipped_city_not_in_content,False,False,
Palmas,Brazil,306296,16562.0,2021.0,EUR,Nominal,Metro,,2021.0,,https://en.wikipedia.org/wiki/List_of_EU_metropolitan_regions_by_GDP,tavily,3,tier3_general,en.wikipedia.org,,direct_parser,"159 Las Palmas 16,562 Spain || GDP (mil. €) :: 16,562","table:0,159,2",3.286,failed,value_missing;fx_missing_exchange_rate;fx_missing_usd_value,False,False,
Palmas,Brazil,306296,,,,,,,,,https://en.wikipedia.org/wiki/Las_Palmas,tavily,3,tier3_general,en.wikipedia.org,,direct_parser,,,,failed,extraction_no_fact;llm_no_fact,False,True,
Palmas,Brazil,306296,,,,,,,,,https://www.usmayors.org/wp-content/uploads/2025/06/USCM-Metro-Economies-Annual-Report-and-Forecast_June-2025.pdf,tavily,3,tier3_general,usmayors.org,,direct_parser,,,,failed,extraction_no_fact;llm_skipped_city_not_in_content,False,False,
Palmas,Brazil,306296,,,,,,,,,https://www.ine.es/dyngs/Prensa/en/avCRE2024.htm?print=1,tavily,3,tier3_general,ine.es,,direct_parser,,,,failed,extraction_no_fact;llm_skipped_city_not_in_content,False,False,
Palmas,Brazil,306296,,,,,,,,,https://static.poder360.com.br/2024/05/oxford-economics-cidades-mai2024.pdf,tavily,3,tier3_general,static.poder360.com.br,,direct_parser,,,,failed,extraction_no_fact;llm_skipped_city_not_in_content,False,False,
Palmas,Brazil,306296,8108595000.0,2016.0,BRL,Nominal,City Proper,,2016.0,,https://www.ceicdata.com/en/brazil/sna-2008-gross-domestic-product-by-municipality-current-price-north-tocantins/gross-domestic-product-north-tocantins-palmas,tavily,3,tier3_general,ceicdata.com,,direct_parser,"Brazil Gross Domestic Product (GDP): North: Tocantins: Palmas (BRL mn) 8,108.595 2016 yearly 2002 - 2016 || Related indicators :: Brazil Gross Domestic Product (GDP): North: Tocantins: Palmas (BRL mn)","table:1,1,0",4.016,failed,value_missing;fx_missing_exchange_rate;fx_missing_usd_value,False,False,
Palmas,Brazil,306296,,,,,,,,,https://tradingeconomics.com/brazil/gdp,tavily,3,tier3_general,tradingeconomics.com,,direct_parser,,,,failed,extraction_no_fact;llm_skipped_city_not_in_content,False,False,
Palmas,Brazil,306296,3158079879.0797133,2024.0,USD,,,1.0,2024.0,3158079879.0797133,https://api.worldbank.org/v2/country/BR/indicator/NY.GDP.PCAP.CD?format=json&per_page=60,tavily,1,tier1_official,worldbank.org,World Bank,downscaled_fallback,"fallback: gdp_per_capita=10310.5488778166, population=306296",fallback:country_gdp_per_capita*population,5.324,inReview,,False,,
Florianopolis,Brazil,508826,,,,,,,,,https://documents1.worldbank.org/curated/en/099022725161517501/pdf/P504253-d49db07c-8906-43ba-b8e9-7f55c3997fa7.pdf,tavily,1,tier1_official,documents1.worldbank.org,,direct_parser,,,,failed,extraction_no_fact;llm_skipped_city_not_in_content,False,False,
Florianopolis,Brazil,508826,,,,,,,,,https://tiinside.com.br/en/13/03/2025/tecnologia-atinge-25-do-pib-de-florianopolis-com-r12-bilhoes-de-faturamento/,tavily,3,tier3_general,tiinside.com.br,,direct_parser,,,,failed,extraction_no_fact;llm_no_fact,False,True,
Florianopolis,Brazil,508826,,,,,,,,,https://www.ceicdata.com/en/brazil/population-literate-by-municipality-south-santa-catarina-florianopolis/population-literate-south-santa-catarina-florianopolis,tavily,3,tier3_general,ceicdata.com,,direct_parser,,,,failed,extraction_no_fact;llm_no_fact,False,True,
Florianopolis,Brazil,508826,,,,,,,,,https://agenciadenoticias.ibge.gov.br/en/agencia-news/2184-news-agency/news/42779-gdp-closes-2024-at-3-4-and-has-highest-rate-since-2021,tavily,3,tier3_general,agenciadenoticias.ibge.gov.br,,direct_parser,,,,failed,extraction_no_fact;llm_skipped_city_not_in_content,False,False,
Florianopolis,Brazil,508826,,,,,,,,,https://tradingeconomics.com/brazil/gdp,tavily,3,tier3_general,tradingeconomics.com,,direct_parser,,,,failed,extraction_no_fact;llm_skipped_city_not_in_content,False,False,
Florianopolis,Brazil,508826,,,,,,,,,https://www.globaltenders.com/economy-of-brazil,tavily,3,tier3_general,globaltenders.com,,direct_parser,,,,failed,extraction_no_fact;llm_skipped_city_not_in_content,False,False,
Florianopolis,Brazil,508826,,,,,,,,,https://en.wikipedia.org/wiki/Economy_of_Brazil,tavily,3,tier3_general,en.wikipedia.org,,direct_parser,,,,failed,extraction_no_fact;llm_skipped_city_not_in_content,False,False,
Florianopolis,Brazil,508826,,,,,,,,,https://statisticstimes.com/economy/country/brazil-gdp.php,tavily,3,tier3_general,statisticstimes.com,,direct_parser,,,,failed,extraction_no_fact;llm_skipped_city_not_in_content,False,False,
Florianopolis,Brazil,508826,,,,,,,,,https://www.ibge.gov.br/en/cities-and-states/sc/florianopolis.html,tavily,3,tier3_general,ibge.gov.br,,direct_parser,,,,failed,extraction_no_fact,False,False,
Florianopolis,Brazil,508826,,,,,,,,,https://metroverse.hks.harvard.edu/city/1281/economic-composition,tavily,3,tier3_general,metroverse.hks.harvard.edu,,direct_parser,,,,failed,extraction_no_fact;llm_skipped_city_not_in_content,False,False,
Florianopolis,Brazil,508826,5246275343.303909,2024.0,USD,,,1.0,2024.0,5246275343.303909,https://api.worldbank.org/v2/country/BR/indicator/NY.GDP.PCAP.CD?format=json&per_page=60,tavily,1,tier1_official,worldbank.org,World Bank,downscaled_fallback,"fallback: gdp_per_capita=10310.5488778166, population=508826",fallback:country_gdp_per_capita*population,5.324,inReview,,False,,
Ribeirao Preto,Brazil,711825,,,,,,,,,https://documents1.worldbank.org/curated/en/099031824151014222/pdf/BOSIB1a9c64a780861b8d01b824b30cdb50.pdf,tavily,1,tier1_official,documents1.worldbank.org,,direct_parser,,,,failed,extraction_no_fact;llm_skipped_city_not_in_content,False,False,
Ribeirao Preto,Brazil,711825,,,,,,,,,https://www.wtca.org/world-trade-center-ribeirao-preto,tavily,3,tier3_general,wtca.org,,direct_parser,,,,failed,"extraction_no_fact;fetch_error:HTTPSConnectionPool(host='www.wtca.org', port=443): Max retries exceeded with url: /world-trade-center-ribeirao-preto (Caused by SSLError(SSLCertVerificationError(1, '[SSL: CERTIFICATE_VERIFY_FAILED] certificate verify failed: unable to get local issuer certificate (_ssl.c:1000)')));llm_skipped_city_not_in_content",False,False,
Ribeirao Preto,Brazil,711825,,,,,,,,,https://www.ibge.gov.br/en/cities-and-states/sp/ribeirao-preto.html,tavily,3,tier3_general,ibge.gov.br,,direct_parser,,,,failed,extraction_no_fact;llm_skipped_city_not_in_content,False,False,
Ribeirao Preto,Brazil,711825,,,,,,,,,https://www.ibge.gov.br/en/statistics/economic/national-accounts/19567-gross-domestic-product-of-municipalities.html,tavily,3,tier3_general,ibge.gov.br,,direct_parser,,,,failed,extraction_no_fact;llm_skipped_city_not_in_content,False,False,
Ribeirao Preto,Brazil,711825,,,,,,,,,https://www.globaltenders.com/economy-of-brazil,tavily,3,tier3_general,globaltenders.com,,direct_parser,,,,failed,extraction_no_fact;llm_skipped_city_not_in_content,False,False,
Ribeirao Preto,Brazil,711825,,,,,,,,,https://www.scielo.br/j/cm/a/xCwF4Hdzq4ZpKxqNdzY4r6k/?format=pdf&lang=en,tavily,3,tier3_general,scielo.br,,direct_parser,,,,failed,extraction_no_fact;llm_skipped_city_not_in_content,False,False,
Ribeirao Preto,Brazil,711825,,,,,,,,,https://www.direitorp.usp.br/en/about-fdrp/the-city-of-ribeirao-preto/,tavily,3,tier3_general,direitorp.usp.br,,direct_parser,,,,failed,extraction_no_fact;llm_skipped_city_not_in_content,False,False,
Ribeirao Preto,Brazil,711825,,,,,,,,,https://grokipedia.com/page/Ribeir%C3%A3o_Preto,tavily,3,tier3_general,grokipedia.com,,direct_parser,,,,failed,extraction_no_fact,False,False,
Ribeirao Preto,Brazil,711825,,,,,,,,,https://www.worldeconomics.com/GrossDomesticProduct/Current-GDP/Brazil.aspx,tavily,3,tier3_general,worldeconomics.com,,direct_parser,,,,failed,extraction_no_fact;fetch_error:403 Client Error: Forbidden for url: https://www.worldeconomics.com/GrossDomesticProduct/Current-GDP/Brazil.aspx;llm_skipped_city_not_in_content,False,False,
Ribeirao Preto,Brazil,711825,,,,,,,,,https://tradingeconomics.com/brazil/gdp,tavily,3,tier3_general,tradingeconomics.com,,direct_parser,,,,failed,extraction_no_fact;llm_skipped_city_not_in_content,False,False,
Ribeirao Preto,Brazil,711825,7339306454.951801,2024.0,USD,,,1.0,2024.0,7339306454.951801,https://api.worldbank.org/v2/country/BR/indicator/NY.GDP.PCAP.CD?format=json&per_page=60,tavily,1,tier1_official,worldbank.org,World Bank,downscaled_fallback,"fallback: gdp_per_capita=10310.5488778166, population=711825",fallback:country_gdp_per_capita*population,5.324,inReview,,False,,
Belo Horizonte,Brazil,2722000,,,,,,,,,https://en.wikipedia.org/wiki/Economy_of_Belo_Horizonte,tavily,3,tier3_general,en.wikipedia.org,,direct_parser,,,,failed,extraction_no_fact,False,False,
Belo Horizonte,Brazil,2722000,,,,,,,,,https://www.facebook.com/groups/cityscapes/posts/2736433943215417/,tavily,3,tier3_general,facebook.com,,direct_parser,,,,failed,extraction_no_fact;fetch_error:400 Client Error: Bad Request for url: https://www.facebook.com/groups/cityscapes/posts/2736433943215417/;llm_skipped_city_not_in_content,False,False,
Belo Horizonte,Brazil,2722000,,,,,,,,,https://www.ceicdata.com/en/brazil/population-by-states/population-residents-southeast-minas-gerais-metropolitan-region-of-belo-horizonte,tavily,3,tier3_general,ceicdata.com,,direct_parser,,,,failed,extraction_no_fact,False,False,
Belo Horizonte,Brazil,2722000,,,,,,,,,https://www.ibge.gov.br/en/cities-and-states/mg/belo-horizonte.html,tavily,3,tier3_general,ibge.gov.br,,direct_parser,,,,failed,extraction_no_fact,False,False,
Belo Horizonte,Brazil,2722000,,,,,,,,,https://www.prochile.gob.cl/en/prochile-in-your-region-and-in-the-world/prochile-in-the-world/south-america/belo-horizonte-brazil,tavily,3,tier3_general,prochile.gob.cl,,direct_parser,,,,failed,extraction_no_fact,False,False,
Belo Horizonte,Brazil,2722000,,,,,,,,,https://tradingeconomics.com/brazil/gdp,tavily,3,tier3_general,tradingeconomics.com,,direct_parser,,,,failed,extraction_no_fact;llm_skipped_city_not_in_content,False,False,
Belo Horizonte,Brazil,2722000,,,,,,,,,https://valorinternational.globo.com/economy/news/2024/12/04/domestic-demand-drives-brazils-gdp-growth-amid-fiscal-uncertainty.ghtml,tavily,3,tier3_general,valorinternational.globo.com,,direct_parser,,,,failed,extraction_no_fact,False,False,
Belo Horizonte,Brazil,2722000,,,,,,,,,https://www.cc.lu/en/missions/promouvoir-et-developper/country-sheets/brazil,tavily,3,tier3_general,cc.lu,,direct_parser,,,,failed,extraction_no_fact,False,False,
Belo Horizonte,Brazil,2722000,88277463000.0,2016.0,BRL,Nominal,City Proper,,2016.0,,https://www.ceicdata.com/en/brazil/sna-2008-gross-domestic-product-by-municipality-current-price-southeast-minas-gerais/gross-domestic-product-southeast-minas-gerais-belo-horizonte,tavily,3,tier3_general,ceicdata.com,,direct_parser,"Brazil Gross Domestic Product (GDP): Southeast: Minas Gerais: Belo Horizonte (BRL mn) 88,277.463 2016 yearly 2002 - 2016 || Related indicators :: Brazil Gross Domestic Product (GDP): Southeast: Minas Gerais: Belo Horizonte (BRL mn)","table:1,1,0",4.016,failed,value_missing;fx_missing_exchange_rate;fx_missing_usd_value,False,False,
Belo Horizonte,Brazil,2722000,,,,,,,,,https://en.wikipedia.org/wiki/Economy_of_Brazil,tavily,3,tier3_general,en.wikipedia.org,,direct_parser,,,,failed,extraction_no_fact,False,False,
Belo Horizonte,Brazil,2722000,28065314045.416786,2024.0,USD,,,1.0,2024.0,28065314045.416786,https://api.worldbank.org/v2/country/BR/indicator/NY.GDP.PCAP.CD?format=json&per_page=60,tavily,1,tier1_official,worldbank.org,World Bank,downscaled_fallback,"fallback: gdp_per_capita=10310.5488778166, population=2722000",fallback:country_gdp_per_capita*population,5.329,inReview,,False,,
Curitiba,Brazil,1963726,,,,,,,,,https://agenciadenoticias.ibge.gov.br/en/agencia-news/2184-news-agency/news/42779-gdp-closes-2024-at-3-4-and-has-highest-rate-since-2021,tavily,3,tier3_general,agenciadenoticias.ibge.gov.br,,direct_parser,,,,failed,extraction_no_fact;llm_skipped_city_not_in_content,False,False,
Curitiba,Brazil,1963726,,,,,,,,,https://parana4business.org.br/,tavily,3,tier3_general,parana4business.org.br,,direct_parser,,,,failed,extraction_no_fact;llm_skipped_city_not_in_content,False,False,
Curitiba,Brazil,1963726,,,,,,,,,https://en.clickpetroleoegas.com.br/retomada-economica-brasil-esta-entre-os-paises-com-maior-crescimento-do-pib-veja-ranking/,tavily,3,tier3_general,en.clickpetroleoegas.com.br,,direct_parser,,,,failed,extraction_no_fact;llm_skipped_city_not_in_content,False,False,
Curitiba,Brazil,1963726,,,,,,,,,https://folhadolitoral.com.br/en/editorias/economia/com-alta-de-411-pib-do-parana-fica-acima-da-media-nacional-no-3o-trimestre-de-2024/,tavily,3,tier3_general,folhadolitoral.com.br,,direct_parser,,,,failed,extraction_no_fact;llm_skipped_city_not_in_content,False,False,
Curitiba,Brazil,1963726,83788904000.0,2016.0,BRL,Nominal,City Proper,,2016.0,,https://www.ceicdata.com/en/brazil/sna-2008-gross-domestic-product-by-municipality-current-price-south-paran/gross-domestic-product-south-paran-curitiba,tavily,3,tier3_general,ceicdata.com,,direct_parser,"Brazil Gross Domestic Product (GDP): South: Paraná: Curitiba (BRL mn) 83,788.904 2016 yearly 2002 - 2016 || Related indicators :: Brazil Gross Domestic Product (GDP): South: Paraná: Curitiba (BRL mn)","table:1,1,0",4.011,failed,value_missing;fx_missing_exchange_rate;fx_missing_usd_value,False,False,
Curitiba,Brazil,1963726,,,,,,,,,https://folhadolitoral.com.br/en/editorias/economia/com-crescimento-de-63-em-seis-anos-pib-do-parana-chega-a-r-718-bilhoes/,tavily,3,tier3_general,folhadolitoral.com.br,,direct_parser,,,,failed,extraction_no_fact,False,False,
Curitiba,Brazil,1963726,,,,,,,,,https://tradingeconomics.com/brazil/gdp,tavily,3,tier3_general,tradingeconomics.com,,direct_parser,,,,failed,extraction_no_fact;llm_skipped_city_not_in_content,False,False,
Curitiba,Brazil,1963726,,,,,,,,,https://parana4business.org.br/regiao-curitiba-rmc,tavily,3,tier3_general,parana4business.org.br,,direct_parser,,,,failed,extraction_no_fact,False,False,
Curitiba,Brazil,1963726,,,,,,,,,https://metroverse.hks.harvard.edu/city/1242/economic-composition,tavily,3,tier3_general,metroverse.hks.harvard.edu,,direct_parser,,,,failed,extraction_no_fact;llm_skipped_city_not_in_content,False,False,
Curitiba,Brazil,1963726,,,,,,,,,https://www.ibge.gov.br/en/cities-and-states/pr/curitiba.html,tavily,3,tier3_general,ibge.gov.br,,direct_parser,,,,failed,extraction_no_fact,False,False,
Curitiba,Brazil,1963726,20247092905.639282,2024.0,USD,,,1.0,2024.0,20247092905.639282,https://api.worldbank.org/v2/country/BR/indicator/NY.GDP.PCAP.CD?format=json&per_page=60,tavily,1,tier1_official,worldbank.org,World Bank,downscaled_fallback,"fallback: gdp_per_capita=10310.5488778166, population=1963726",fallback:country_gdp_per_capita*population,5.329,inReview,,False,,
Sao Paulo,Brazil,12330000,,,,,,,,,https://www.ceicdata.com/en/brazil/sna-2008-gross-domestic-product-by-municipality-southeast-so-paulo-state-system-of-data-analysis-foundation-annual/gdp-metropolitan-region-of-so-paulo-growth-rate,tavily,3,tier3_general,ceicdata.com,,direct_parser,,,,failed,extraction_no_fact;llm_skipped_city_not_in_content,False,False,
Sao Paulo,Brazil,12330000,,,,,,,,,https://www.instagram.com/p/DSTbGPuDQSp/,tavily,3,tier3_general,instagram.com,,direct_parser,,,,failed,extraction_no_fact;llm_skipped_city_not_in_content,False,False,
Sao Paulo,Brazil,12330000,,,,,,,,,https://x.com/grok/status/1933798767385588035,tavily,3,tier3_general,x.com,,direct_parser,,,,failed,extraction_no_fact;llm_skipped_city_not_in_content,False,False,
Sao Paulo,Brazil,12330000,,,,,,,,,https://www.gov.br/g20/en/about-the-g20/host-cities/sao-paulo-sp,tavily,3,tier3_general,gov.br,,direct_parser,,,,failed,extraction_no_fact;llm_skipped_city_not_in_content,False,False,
Sao Paulo,Brazil,12330000,,,,,,,,,https://www.prochile.gob.cl/en/prochile-in-your-region-and-in-the-world/prochile-in-the-world/south-america/sao-paulo-brazil,tavily,3,tier3_general,prochile.gob.cl,,direct_parser,,,,failed,extraction_no_fact,False,False,
Sao Paulo,Brazil,12330000,,,,,,,,,https://agenciadenoticias.ibge.gov.br/en/agencia-news/2184-news-agency/news/42779-gdp-closes-2024-at-3-4-and-has-highest-rate-since-2021,tavily,3,tier3_general,agenciadenoticias.ibge.gov.br,,direct_parser,,,,failed,extraction_no_fact;llm_skipped_city_not_in_content,False,False,
Sao Paulo,Brazil,12330000,,,,,,,,,https://datacommons.org/place/country/BRA,tavily,3,tier3_general,datacommons.org,,direct_parser,,,,failed,extraction_no_fact;llm_skipped_city_not_in_content,False,False,
Sao Paulo,Brazil,12330000,,,,,,,,,https://en.wikipedia.org/wiki/Economy_of_the_state_of_S%C3%A3o_Paulo,tavily,3,tier3_general,en.wikipedia.org,,direct_parser,,,,failed,extraction_no_fact,False,False,
Sao Paulo,Brazil,12330000,,,,,,,,,https://www.facebook.com/groups/cityscapes/posts/2963635750495234/,tavily,3,tier3_general,facebook.com,,direct_parser,,,,failed,extraction_no_fact;fetch_error:400 Client Error: Bad Request for url: https://www.facebook.com/groups/cityscapes/posts/2963635750495234/;llm_skipped_city_not_in_content,False,False,
Sao Paulo,Brazil,12330000,,,,,,,,,https://en.clickpetroleoegas.com.br/de-provincia-esquecida-a-potencia-trilionaria-como-sao-paulo-virou-o-estado-mais-rico-do-brasil-superou-a-argentina-e-gera-sozinho-o-pib-de-10-capitais-juntas-sima00/,tavily,3,tier3_general,en.clickpetroleoegas.com.br,,direct_parser,,,,failed,extraction_no_fact,False,False,
Sao Paulo,Brazil,12330000,127129067663.47868,2024.0,USD,,,1.0,2024.0,127129067663.47868,https://api.worldbank.org/v2/country/BR/indicator/NY.GDP.PCAP.CD?format=json&per_page=60,tavily,1,tier1_official,worldbank.org,World Bank,downscaled_fallback,"fallback: gdp_per_capita=10310.5488778166, population=12330000",fallback:country_gdp_per_capita*population,5.334,inReview,,False,,
Rio de Janeiro,Brazil,6748000,,,,,,,,,https://www.oecd.org/en/publications/2024/10/the-blue-economy-in-the-metropolitan-region-of-rio-de-janeiro-brazil_be1e1d5b.html,tavily,1,tier1_official,oecd.org,,direct_parser,,,,failed,extraction_no_fact;fetch_error:403 Client Error: Forbidden for url: https://www.oecd.org/en/publications/2024/10/the-blue-economy-in-the-metropolitan-region-of-rio-de-janeiro-brazil_be1e1d5b.html,False,False,
Rio de Janeiro,Brazil,6748000,,,,,,,,,https://tradingeconomics.com/brazil/gdp,tavily,3,tier3_general,tradingeconomics.com,,direct_parser,,,,failed,extraction_no_fact;llm_skipped_city_not_in_content,False,False,
Rio de Janeiro,Brazil,6748000,,,,,,,,,https://www.invest.rio/en/city-profile,tavily,3,tier3_general,invest.rio,,direct_parser,,,,failed,extraction_no_fact,False,False,
Rio de Janeiro,Brazil,6748000,,,,,,,,,https://datacommons.org/place/country/BRA,tavily,3,tier3_general,datacommons.org,,direct_parser,,,,failed,extraction_no_fact;llm_skipped_city_not_in_content,False,False,
Rio de Janeiro,Brazil,6748000,,,,,,,,,https://en.wikipedia.org/wiki/Rio_de_Janeiro_(state),tavily,3,tier3_general,en.wikipedia.org,,direct_parser,,,,failed,extraction_no_fact,False,False,
Rio de Janeiro,Brazil,6748000,,,,,,,,,https://en.wikipedia.org/wiki/Economy_of_Brazil,tavily,3,tier3_general,en.wikipedia.org,,direct_parser,,,,failed,extraction_no_fact,False,False,
Rio de Janeiro,Brazil,6748000,,,,,,,,,https://agenciadenoticias.ibge.gov.br/en/agencia-news/2184-news-agency/news/42779-gdp-closes-2024-at-3-4-and-has-highest-rate-since-2021,tavily,3,tier3_general,agenciadenoticias.ibge.gov.br,,direct_parser,,,,failed,extraction_no_fact;llm_skipped_city_not_in_content,False,False,
Rio de Janeiro,Brazil,6748000,,,,,,,,,https://agenciabrasil.ebc.com.br/en/economia/noticia/2025-03/brazilian-economy-grows-34-2024-highest-rise-2021,tavily,3,tier3_general,agenciabrasil.ebc.com.br,,direct_parser,,,,failed,extraction_no_fact,False,False,
Rio de Janeiro,Brazil,6748000,,,,,,,,,https://anba.com.br/en/brazils-economy-grew-3-4-in-2024/,tavily,3,tier3_general,anba.com.br,,direct_parser,,,,failed,extraction_no_fact,False,False,
Rio de Janeiro,Brazil,6748000,,,,,,,,,https://en.prefeitura.rio/desenvolvimento-economico/economia-do-rio-cresceu-2-no-primeiro-trimestre-deste-ano/,tavily,3,tier3_general,en.prefeitura.rio,,direct_parser,,,,failed,extraction_no_fact,False,False,
Rio de Janeiro,Brazil,6748000,69575583827.50642,2024.0,USD,,,1.0,2024.0,69575583827.50642,https://api.worldbank.org/v2/country/BR/indicator/NY.GDP.PCAP.CD?format=json&per_page=60,tavily,1,tier1_official,worldbank.org,World Bank,downscaled_fallback,"fallback: gdp_per_capita=10310.5488778166, population=6748000",fallback:country_gdp_per_capita*population,5.329,inReview,,False,,
Victoria,Canada,92141,,,,,,,,,https://www150.statcan.gc.ca/t1/tbl1/en/tv.action?pid=3610046801,tavily,3,tier3_general,www150.statcan.gc.ca,,direct_parser,,,,failed,extraction_no_fact,False,False,
Victoria,Canada,92141,,,,,,,,,https://ourrisingeconomy.com/wp-content/uploads/2025/10/Greater-Victoria-Metropolitan-Region-Socio-Economic-Profile-2025-v2.pdf,tavily,3,tier3_general,ourrisingeconomy.com,,direct_parser,,,,failed,extraction_no_fact;llm_skipped_city_not_in_content,False,False,
Victoria,Canada,92141,,,,,,,,,https://www.budget.canada.ca/update-miseajour/2024/report-rapport/overview-apercu-en.html,tavily,3,tier3_general,budget.canada.ca,,direct_parser,,,,failed,extraction_no_fact;llm_skipped_city_not_in_content,False,False,
Victoria,Canada,92141,,,,,,,,,https://app.remplan.com.au/indigo/economy/industries/gross-regional-product,tavily,3,tier3_general,app.remplan.com.au,,direct_parser,,,,failed,extraction_no_fact;llm_skipped_city_not_in_content,False,False,
Victoria,Canada,92141,,,,,,,,,https://www.ceda.com.au/news-and-resources/news/economy/victoria-economic-outlook-august-2024,tavily,3,tier3_general,ceda.com.au,,direct_parser,,,,failed,extraction_no_fact,False,False,
Victoria,Canada,92141,,,,,,,,,https://www.facebook.com/groups/victoriabcbuzz/posts/2757935484410157/,tavily,3,tier3_general,facebook.com,,direct_parser,,,,failed,extraction_no_fact;fetch_error:400 Client Error: Bad Request for url: https://www.facebook.com/groups/victoriabcbuzz/posts/2757935484410157/,False,False,
Victoria,Canada,92141,,,,,,,,,https://businessexaminer.ca/victoria-articles/item/bcrea-february-2024-canadian-gdp-growth/,tavily,3,tier3_general,businessexaminer.ca,,direct_parser,,,,failed,extraction_no_fact,False,False,
Victoria,Canada,92141,,,,,,,,,"https://en.wikipedia.org/wiki/Victoria,_British_Columbia",tavily,3,tier3_general,en.wikipedia.org,,direct_parser,,,,failed,extraction_no_fact,False,False,
Victoria,Canada,92141,,,,,,,,,https://www.statista.com/statistics/650869/real-gdp-canada/?srsltid=AfmBOor6TsTLCi6QJ8VNAfoNBqn0qkYTERBVjRItnN2aKzZVnS5-M881,tavily,3,tier3_general,statista.com,,direct_parser,,,,failed,extraction_no_fact;llm_skipped_city_not_in_content,False,False,
Victoria,Canada,92141,,,,,,,,,https://www150.statcan.gc.ca/n1/daily-quotidien/250501/dq250501a-eng.htm,tavily,3,tier3_general,www150.statcan.gc.ca,,direct_parser,,,,failed,extraction_no_fact;llm_skipped_city_not_in_content,False,False,
Victoria,Canada,92141,5006973979.496412,2024.0,USD,,,1.0,2024.0,5006973979.496412,https://api.worldbank.org/v2/country/CA/indicator/NY.GDP.PCAP.CD?format=json&per_page=60,tavily,1,tier1_official,worldbank.org,World Bank,downscaled_fallback,"fallback: gdp_per_capita=54340.3477224733, population=92141",fallback:country_gdp_per_capita*population,5.319,inReview,,False,,
